{
  "type": "minecraft:entity",
  "pools": [
  	{
  	  "rolls": 1,
  	  "entries": [
  	    {
  	  	  "type": "item",
  	  	  "name": "minecraft:player_head",
          "functions": [
            {
              "function": "set_lore",
              "replace": true,
              "lore": [
                [
                  {"text":"§rУбит игроком §r§e"},
                  {"selector":"@s"}
                ]
              ],
              "entity": "killer_player"
            },
            {
              "function": "fill_player_head",
              "entity": "this"
            }
          ],
					"conditions": [
						{
							"condition": "killed_by_player"
						}
					]
  	    }
  	  ]
  	}
  ]
}
